"","area_name","fips","state_abbreviation","PST045214","PST040210","PST120214","POP010210","AGE135214","AGE295214","AGE775214","SEX255214","RHI125214","RHI225214","RHI325214","RHI425214","RHI525214","RHI625214","RHI725214","RHI825214","POP715213","POP645213","POP815213","EDU635213","EDU685213","VET605213","LFE305213","HSG010214","HSG445213","HSG096213","HSG495213","HSD410213","HSD310213","INC910213","INC110213","PVY020213","BZA010213","BZA110213","BZA115213","NES010213","SBO001207","SBO315207","SBO115207","SBO215207","SBO515207","SBO415207","SBO015207","MAN450207","WTN220207","RTN130207","RTN131207","AFN120207","BPS030214","LND110210","POP060210","educatedpeople","votes"
"1","Abbeville County",45001,"SC",24965,25416,-1.8,25417,5.4,21.5,19.4,51.5,69.7,28.3,0.3,0.4,0,1.2,1.2,68.8,89.6,1,2.3,76.8,12.2,1944,27.1,12002,76.4,6.2,91200,9809,2.49,18134,35947,21.6,335,4387,2.7,1393,1385,19.1,0,0,0,0,33.4,657498,0,71936,2841,10963,41,490.48,51.8,1917312,5480
"2","Adair County",19001,"IA",7454,7682,-3,7682,4.8,22.1,22.1,50.9,98.2,0.4,0.2,0.5,0,0.8,1.7,96.8,89.9,1.1,1.1,90.7,16.3,790,22.7,3674,77.1,9.3,90900,3295,2.26,25564,47892,9.5,187,1663,-0.2,626,745,0,0,0,0,0,0,0,29361,49644,6546,4128,8,569.27,13.5,676077.8,705
"3","Adams County",19003,"IA",3875,4029,-3.8,4029,6.5,21.4,22,49.9,97.8,0.4,0.4,0.6,0,0.7,1.1,96.9,87.6,0.6,1.2,90.4,13.7,353,21.2,2010,78.5,4.7,85200,1745,2.2,23707,45871,11.3,118,884,1,321,443,0,0,0,0,0,0,0,14217,32586,7950,0,1,423.44,9.5,350300,471
"4","Aiken County",45003,"SC",164753,160106,2.9,160099,5.7,22.1,17.5,51.5,71.4,25.1,0.5,0.9,0.1,1.9,5.4,67,88,3.4,5.2,84.8,24,14081,25.2,74032,73.3,9.4,124600,63388,2.5,24769,44509,18.9,2674,47188,-0.9,9909,11931,11.2,1,1.8,0,2.4,31,3959342,0,1599845,10450,172893,678,1071.03,149.5,13971054.4,38349
"5","Allamakee County",19005,"IA",14038,14328,-2,14330,6.1,22.5,21.3,48.8,96.4,1.4,0.6,0.5,0.3,0.9,5.7,91.5,87.3,4.3,8,89,14.9,1282,23.6,7650,79.5,9.3,114400,5862,2.36,24926,48831,12.6,396,4517,7,1179,1648,0,0,0,0,0,22.8,0,154490,128662,8922,8456,41,639.08,22.4,1249382,1286
"6","Allendale County",45005,"SC",9695,10419,-6.9,10419,5.1,19.5,16.3,46.1,25.4,72.9,0.3,0.6,0,0.8,2.9,23.3,89.5,1.4,2.6,71.9,15,622,23.4,4433,63.5,10.4,65400,3424,2.63,13334,25252,36,125,1628,7.6,482,410,0,0,0,0,0,0,385377,0,32596,3129,2949,27,408.09,25.5,697070.5,1478
"7","Anderson County",45007,"SC",192810,187123,3,187126,6,23.3,17,51.7,80.6,16.6,0.3,0.9,0,1.5,3.5,77.7,86.7,2.5,3.8,81.7,19.3,14754,23.4,85449,72.9,11.9,123400,73296,2.53,22081,41579,16.8,3650,54617,2,11711,13212,5.7,0.4,1.1,0,0.8,25.8,4886331,0,2004732,11128,235779,863,715.43,261.6,15752577,42527
"8","Appanoose County",19007,"IA",12661,12887,-1.8,12887,6,22.4,21.4,50.6,97.4,0.7,0.3,0.4,0.1,1.2,1.5,96.2,86.6,1,2.3,88.3,18.3,1045,19,6578,72.5,12,77600,5534,2.28,21599,39208,15.2,312,3437,4.3,919,1428,0,0,0,0,0,0,151576,23061,133534,10331,7996,6,497.29,25.9,1117966.3,1338
"9","Audubon County",19009,"IA",5794,6119,-5.3,6119,4.6,20.2,24.3,51.6,98.2,0.4,0.2,0.5,0,0.7,1.1,97.3,89.9,0.6,1.2,90.3,16.6,557,18.2,2997,80.4,7.4,71100,2684,2.18,30919,48313,9.5,181,1176,-0.3,494,456,0,0,0,0,0,0,0,47778,37302,6083,0,5,442.96,13.8,523198.2,673
"10","Bamberg County",45009,"SC",15182,15987,-5,15987,5.1,20.1,18.3,51.8,37,61.1,0.4,0.5,0.1,1,1.9,35.8,90,1.8,1.8,75.5,17.5,1329,23.6,7621,75.9,5.8,74700,5883,2.47,18902,31483,27.6,262,3069,-1.8,762,0,0,0,0,0,0,0,0,0,102813,6679,9368,10,393.37,40.6,1146241,3119
"11","Barnwell County",45011,"SC",21959,22621,-2.9,22621,7,25.3,15.9,52.3,53.1,44.1,0.6,0.7,0,1.5,2.5,51.2,91.6,1.3,2.5,79.7,11.2,1535,25.3,10378,74.6,5.9,72400,8416,2.63,18862,35231,29.1,353,4756,0.4,1389,1450,20.8,0,0,0,0,32.9,681251,0,169135,7361,14706,37,548.39,41.2,1750132.3,4357
"12","Beaufort County",45013,"SC",175852,162233,8.4,162233,5.8,19.9,24.1,50.9,77.1,19.1,0.4,1.4,0.1,1.8,11.4,67.1,81.7,10.3,13.9,91.3,37.6,18885,20.9,94287,71.4,24.4,275500,64417,2.46,32503,57316,12.5,4800,49929,0.8,14067,16367,7.4,0,1.7,0,2,25.5,223434,298190,2255071,15240,530485,1197,576.28,281.5,16055287.6,46482
"13","Belknap County",33001,"NH",60305,60092,0.4,60088,4.7,19.5,19.9,50.8,96.4,0.8,0.3,1.2,0,1.4,1.6,95,89.3,3.2,3.9,90.6,28,6380,27.3,37672,75.1,17.8,219900,25049,2.37,30518,58654,9.9,1763,20289,-0.3,5524,7187,0,0,0.8,0,0,23.7,687068,0,1348651,22099,151572,198,400.23,150.1,5463633,24767
"14","Benton County",19011,"IA",25680,26076,-1.5,26076,5.7,23.8,16.9,50.3,97.9,0.6,0.2,0.3,0,1,1.3,96.7,92.6,1.1,2,91.9,18.8,2160,23.7,11079,80.4,8.4,131500,10079,2.55,26624,56669,8.4,566,4366,-1.8,1828,2420,0,0,0,0,0,31.2,176791,213218,176434,6645,9616,28,716.27,36.4,2359992,2834
"15","Berkeley County",45015,"SC",198205,177850,11.4,177843,6.8,24.4,12.3,50.2,68.9,25.1,0.7,2.5,0.2,2.7,6.1,63.9,82.9,5.8,7.8,86.7,21.3,20705,25.5,77272,70.3,14.7,150400,65392,2.77,24165,52427,14.4,2722,39368,0.2,11146,12070,13.4,0.3,2.4,0,0,28.3,5527306,1766505,1552266,9497,161164,1977,1098.86,161.8,17184373.5,40739
"16","Black Hawk County",19013,"IA",132897,131090,1.4,131090,6.1,21.5,14.8,51.1,86.2,9,0.3,2,0.2,2.2,4.2,82.7,82.9,4.8,7.7,89.5,25.3,9095,15.8,56890,67.8,24.1,123600,52276,2.4,24273,45747,17,3203,68753,2.4,7189,9739,4.1,0,0,0,0.6,29.1,5880301,1278450,1929430,15224,194601,314,565.77,231.7,11894281.5,12807
"17","Boone County",19015,"IA",26433,26306,0.5,26306,5.6,22.7,17,49.7,96.8,1.2,0.4,0.5,0,1.1,2.4,94.6,85.3,0.9,2.9,92,20.3,2277,21.1,11793,75.6,14.9,117300,10574,2.41,27149,51826,10.1,553,6824,2,1747,2180,0,0,0,0,0,0,161292,0,210610,8009,16172,44,571.57,46,2431836,3057
"18","Bremer County",19017,"IA",24721,24276,1.8,24276,5.1,21.8,18.4,50.8,97,1,0.1,0.9,0,1,1.4,95.8,87.5,0.6,2.2,93.8,28.3,1914,19.2,10136,81.3,12.8,145300,9258,2.46,28727,61216,7.3,607,9369,6.7,1591,2419,0,0,0,0,0,30.5,699712,105620,268428,11358,16655,74,435.48,55.7,2318829.8,2690
"19","Buchanan County",19019,"IA",21038,20958,0.4,20958,6.8,26.6,16.2,50.2,97.8,0.5,0.2,0.4,0,1,1.4,96.6,91,1,6,90.6,17.1,1511,20.9,8990,78.1,7.8,122200,8187,2.52,27038,55553,9.9,490,5218,1.1,1508,1874,0,0,0,0,0,18,640836,624511,214820,10242,11530,27,571.02,36.7,1906042.8,1837
"20","Buena Vista County",19021,"IA",20578,20260,1.6,20260,7.3,25.3,14.6,49.4,85.9,2.9,0.6,8.4,0.9,1.2,24.8,62.6,82.7,18.6,29.5,78.7,20,1207,13.7,8299,68,17.9,97700,7615,2.53,22899,46951,12.8,556,9218,3.4,1260,1704,0,0,0,0,0,26.6,1578035,0,260846,13408,25523,8,574.92,35.2,1619488.6,1608
"21","Butler County",19023,"IA",15006,14867,0.9,14867,6.1,23.6,21,50.5,98.1,0.3,0.1,0.4,0,0.9,1.1,97.1,91.1,0.6,2,90.9,15,1007,22.9,6731,79.6,7.8,100400,6189,2.37,25269,52026,9.8,333,2594,-7.5,1115,0,0,0,0,0,0,0,0,288359,79082,5407,0,21,580.13,25.6,1364045.4,1510
"22","Calhoun County",19025,"IA",9866,10177,-3.1,9670,5.6,20.6,22.3,48.6,96.4,1.9,0.4,0.3,0,0.9,2,94.6,83.8,0.7,1.9,90.5,19.1,928,19.6,5088,79,9.9,72200,4356,2.15,25766,44484,13.4,284,2197,-2.7,732,846,0,0,0,0,0,0,0,200683,103509,10402,0,12,569.97,17,892873,5023
"23","Calhoun County",45017,"SC",14878,15176,-2,15175,5.2,20.4,19.7,51.3,55.8,41.9,0.6,0.3,0.1,1.2,3.2,53.5,93.3,2,2.9,82.8,16.9,1279,27.1,7298,80.1,4.5,100600,6163,2.43,23023,40704,18.2,238,3373,3.1,889,1038,0,0,0,0,0,0,0,144519,66836,4523,4052,28,381.15,39.8,1231898.4,5023
"24","Carroll County",33003,"NH",47399,47820,-0.9,47818,3.8,16.8,24.5,50.4,97.3,0.5,0.3,0.7,0,1.2,1.4,96.1,89.1,3,2.9,91.9,31.2,5757,25,40232,80.6,15,226200,20922,2.25,31558,50866,10.1,1834,16624,-0.9,5384,7392,0,0,0.9,0,0.4,19.6,213380,0,889015,18569,214906,197,931.06,51.4,4355968.1,22818
"25","Carroll County",19027,"IA",20562,20816,-1.2,20816,6.5,24.1,19.2,51.4,97.5,0.8,0.3,0.5,0,0.9,2.3,95.5,87.3,0.8,2.7,91.3,18.8,1447,14.1,9419,75.4,14.5,105700,8626,2.35,25430,48361,9.6,879,10604,-0.8,1856,2755,0,0,0,0,0,23.7,794027,1350539,298050,14338,20787,26,569.44,36.6,1877310.6,22818
"26","Cass County",19029,"IA",13448,13956,-3.6,13956,5.7,22.6,21.5,50.7,97.6,0.5,0.5,0.3,0.4,0.8,2.4,95.7,88.5,1,2.5,92.8,19,1155,17.3,6564,71.8,16,88100,6081,2.21,25448,43481,11.4,478,4709,-2.1,1179,1682,0,0,0,0,0,0,0,151451,178171,12846,11638,12,564.27,24.7,1247974.4,1424
"27","Cedar County",19031,"IA",18411,18497,-0.5,18499,5.1,22.9,18.4,50.5,97.4,0.5,0.2,0.7,0,1.1,1.8,95.9,89.3,1.3,2.9,92.1,19.5,1620,25.2,8116,78.8,9,132800,7665,2.37,26567,58088,8,465,4282,-2.4,1258,0,0,0,0,0,0,0,178789,221842,131334,7317,9509,29,579.44,31.9,1695653.1,1863
"28","Cerro Gordo County",19033,"IA",43254,44151,-2,44151,5.6,20.5,19.7,51,95.7,1.4,0.3,1.1,0,1.5,4.3,91.6,87.6,2.1,3.8,92,21,3999,15.7,22238,71.6,16.8,110800,19967,2.14,27291,44795,13.2,1399,20910,-3.4,3031,3952,0,0,0,0,1.8,22.2,1357504,650482,887071,20200,83915,86,568.31,77.7,3979368,4520
"29","Charleston County",45019,"SC",381015,350204,8.8,350209,6.1,20.2,14.5,51.6,67.7,28.6,0.4,1.6,0.1,1.5,5.1,63.4,80.4,5.4,7.2,88.3,39.4,31268,22.4,178050,60.6,29.3,236100,143717,2.41,30158,50792,18.2,12138,183068,1.8,33229,38458,9.9,0.3,1.3,0,1.4,27.3,5338128,3267396,6320992,18348,1382702,3123,916.09,382.3,33643624.5,94580
"30","Cherokee County",45021,"SC",56024,55467,1,55342,6.3,23.9,15.2,51.5,76.5,20.7,0.5,0.7,0.1,1.5,4.1,73.2,87.3,2.5,4.4,75,14.3,3620,20.4,23986,66.9,10.1,83600,20762,2.63,18240,34202,23,975,16743,1.4,2444,3432,0,0,1,0,0,26.3,2484926,0,718119,13261,68158,143,392.66,140.9,4201800,12233
"31","Cherokee County",19035,"IA",11836,12072,-2,12072,6,21,22.4,50.4,97,0.9,0.3,0.6,0.2,1,3.2,94.2,86.9,0.9,3.2,91.6,19.6,1163,15.3,5791,74.9,12.8,80200,5354,2.17,26330,48977,9.7,354,4379,-3.2,812,796,0,0,0,0,0,0,279270,114673,139445,11935,8706,6,576.91,20.9,1084177.6,12233
"32","Cheshire County",33005,"NH",76115,77117,-1.3,77117,4.7,18.6,17.3,51.1,95.9,0.8,0.3,1.4,0,1.5,1.7,94.5,82.8,2.8,3.2,91.4,30.4,7261,21.7,34813,71.3,23.5,195400,30458,2.36,27874,55155,11.4,1905,27313,-2.6,5837,8144,0,0,0,0,0.6,22.6,1095187,0,1649001,21293,110289,141,706.66,109.1,6956911,30807
"33","Chester County",45023,"SC",32337,33140,-2.4,33140,6.3,23,16.7,51.5,60.5,37,0.5,0.5,0,1.5,1.8,59,92.3,1,1.2,78,12.4,2641,31,14603,75.6,6.8,82500,12368,2.63,18098,33103,24.5,527,6709,4.4,1545,1724,0,0,0,0,0,23,1407542,0,210872,6460,25201,26,580.66,57.1,2522286,5783
"34","Chesterfield County",45025,"SC",46125,46738,-1.3,46734,5.8,23,16,51.3,64.5,32.5,0.7,0.6,0.1,1.7,3.9,61.3,89.5,2.3,3.5,74.9,12.6,3177,23.9,21281,69.8,8.6,79400,17622,2.6,17140,31252,26.8,691,12171,4.7,2260,3159,15.7,0,0,0,0.8,0,1361004,150305,298054,6947,30532,50,799.08,58.5,3454762.5,7155
"35","Chickasaw County",19037,"IA",12264,12439,-1.4,12439,6.1,23.8,19.4,50,98.3,0.6,0.1,0.3,0,0.7,2.3,96.2,91.6,1.8,4.2,88.8,13.8,1116,21.3,5664,80.1,10,95900,5364,2.27,24139,43971,10.3,418,3942,0.8,954,1078,0,0,0,0,0,16.4,278276,210062,103931,8537,7433,5,504.38,24.7,1089043.2,1199
"36","Churchill County",32001,"NV",23989,24877,-3.6,24877,6.5,23.3,18,49.4,85.2,2.2,5.2,3.1,0.3,4.1,13.3,74.3,78,5.9,11.4,89.2,16.8,3528,18.2,10686,61.9,14,153300,9253,2.61,24716,49830,15,485,5159,5.9,1130,1601,0,4.1,0,0,0,26.4,0,33256,265255,10725,33010,38,4930.46,5,2139818.8,1435
"37","Clarendon County",45027,"SC",34113,34966,-2.4,34971,5.1,20.4,19.8,50.7,49.4,48.7,0.3,0.6,0,0.9,3,47.3,88.7,1.5,3.4,77.7,13,2909,28.3,17387,72.9,5.7,85900,12690,2.6,17665,31410,24.9,477,5454,4,2077,2730,30.1,0,1.9,0,0,35.4,291386,54836,296362,9062,29787,97,606.94,57.6,2650580.1,8195
"38","Clark County",32003,"NV",2069681,1951269,6.1,1951269,6.4,23.8,13.3,50,72.2,11.6,1.2,9.9,0.8,4.3,30.3,45.3,76.8,21.8,33.4,83.9,22.1,151360,24.1,863010,54.4,33.4,165000,710058,2.75,26217,52873,15.1,40969,767816,3.5,141658,152145,5.2,0.7,9.8,0.3,9.4,29.3,7180673,11493073,26676633,14509,24857836,10036,7891.43,247.3,173646235.9,49677
"39","Clarke County",19039,"IA",9217,9286,-0.7,9286,6.5,24.3,17.6,49.8,96.4,0.9,0.7,0.7,0.1,1.3,12.1,85.2,88.2,5.5,8.8,87.3,14.3,695,21.9,4132,71,9.2,84900,3672,2.49,23472,43216,13.7,189,3154,-3.1,598,752,0,0,0,0,0,22.5,416569,6297,95388,10579,84923,1,431.17,21.5,804644.1,957
"40","Clay County",19041,"IA",16515,16667,-0.9,16667,5.7,22.8,19.6,50.9,97.3,0.7,0.3,0.7,0,1,3.2,94.3,87.8,2.2,3.7,93.1,18.4,1360,15.2,8112,74.2,19.2,105400,7148,2.28,29060,49035,8.9,608,7313,-4.3,1305,2262,0,0,0,0,0,24.3,0,425115,298664,17960,23407,14,567.24,29.4,1537546.5,1623
"41","Clayton County",19043,"IA",17692,18129,-2.4,18129,5.7,22.2,20.9,49.7,97.9,0.7,0.1,0.3,0.1,0.8,1.9,96.2,87.6,1.4,3.4,91.6,15.5,1575,21.4,9032,78.2,11.2,102400,7707,2.29,25074,47494,12.5,537,4851,-5.9,1382,1725,0,0,0,0,0,0,206396,564637,163572,9249,53722,28,778.54,23.3,1620587.2,1646
"42","Clinton County",19045,"IA",48051,49116,-2.2,49116,6.1,22.7,18.3,50.9,94,3.2,0.3,0.6,0,1.8,2.9,91.5,87.7,1.5,2.3,90,17.7,4259,19.2,21792,74.4,16.8,110300,20008,2.4,25966,49559,14,1181,27036,1.2,2677,3491,0,0,0.9,0,0,0,3914945,190114,635654,12950,54058,102,694.92,70.7,4324590,4705
"43","Colleton County",45029,"SC",37771,38892,-2.9,38892,6,23,18.6,52.1,58.9,38.3,0.8,0.4,0,1.6,3.1,56.5,93.2,1.9,3.3,78.8,14.7,4023,33.4,19707,74.4,7.5,89900,14905,2.55,18769,33233,20.6,730,7380,-4.3,2824,3261,20.4,0,0,0,0,23.5,245234,0,419700,10721,55994,37,1056.49,36.8,2976354.8,8887
"44","Coos County",33007,"NH",31653,33052,-4.2,33055,4.2,17.7,21.8,49,96.9,0.7,0.5,0.6,0,1.4,1.7,95.4,86.6,3.2,12.9,85.5,17.3,3650,21.6,21263,71,21,128500,14531,2.15,24367,41985,13.4,854,9065,-2.2,2227,3470,0,0,0,0,0,0,295901,0,602906,18656,85674,56,1794.69,18.4,2706331.5,11351
"45","Crawford County",19047,"IA",17228,17096,0.8,17096,7.2,25.5,16.9,49,93.8,2.3,1.2,1.7,0.2,0.8,27.3,68.5,88.2,12.8,22.5,78.9,14.7,1161,15.1,6985,75.9,11.8,83100,6300,2.65,22748,46548,15.8,460,6534,2.5,924,1394,0,0,0,0,0,27.8,1266847,121956,162386,9840,12931,11,714.19,23.9,1359289.2,1198
"46","Dallas County",19049,"IA",77400,66137,17,66135,8.2,28.6,11.2,51,92.7,1.8,0.4,3.6,0.1,1.4,6.3,87,86.9,6.6,8.6,94.4,43.6,3902,20.5,29884,77.4,17.5,184100,26262,2.63,35844,73847,6.4,1718,34419,1.1,5486,6613,0.6,0,2.2,0,1.1,19.9,574183,218271,905710,15813,110369,661,588.45,112.4,7306560,10180
"47","Darlington County",45031,"SC",67799,68683,-1.3,68681,5.8,23.1,16.5,52.8,56.7,41.2,0.4,0.5,0,1.1,2,55.3,88.4,1.9,2.6,79.2,17,4771,22.9,30214,69.7,7.9,87200,26609,2.52,20105,36323,24,1101,18394,6.8,3749,4540,0,0,0,0,0,29.7,2433365,226137,527471,7902,53900,99,561.15,122.4,5369680.8,14946
"48","Davis County",19051,"IA",8781,8753,0.3,8753,8,28.9,17.5,50.6,98.3,0.2,0.2,0.3,0,0.9,1.2,97.2,89.3,0.8,14.4,85.5,16.4,717,22.8,3578,80.2,6.4,99700,3115,2.76,22210,45040,21.2,170,1451,2.4,748,848,0,0,0,0,0,0,0,17902,71612,8351,3054,4,502.19,17.4,750775.5,831
"49","Decatur County",19053,"IA",8263,8457,-2.3,8457,5.1,21.8,18.3,49.8,95.3,2,0.5,0.9,0.2,1.2,2.6,93,80.5,1.5,5.9,85,18.4,612,21,3847,70.1,14.1,77700,3106,2.43,18845,36326,19.5,130,1697,-3.2,655,869,0,0,0,0,0,0,0,76650,39590,4746,4323,2,531.88,15.9,702355,796
"50","Delaware County",19055,"IA",17398,17764,-2.1,17764,5.7,23.8,18.1,50,98.4,0.4,0.1,0.3,0,0.7,1.1,97.4,89.8,0.8,2.3,91,15.5,1200,22,8026,78.8,8.1,125300,7129,2.44,26261,54076,8.4,496,5725,3.6,1312,1568,0,0,0,0,0,29.5,326438,302380,171404,9791,9038,5,577.76,30.7,1583218,1694
"51","Des Moines County",19057,"IA",40255,40325,-0.2,40325,6,23,18.8,50.9,90.4,5.9,0.3,0.9,0.1,2.5,2.9,88,86.9,1.5,2.6,91.1,18.9,3575,15.9,18463,73.1,16.2,93900,16993,2.33,24408,42451,13.8,1107,19430,1.1,2359,3407,0.9,0,0,0,0,26,0,0,616900,15182,68773,41,416.12,96.9,3667230.5,4161
"52","Dickinson County",19059,"IA",16935,16667,1.6,16667,4.9,19.1,24.2,50.2,97.9,0.4,0.3,0.6,0,0.9,1.7,96.4,85.9,1,1.9,93.3,25.4,1737,16.7,13191,75.6,15.1,159700,7981,2.07,31790,56136,7.8,770,6877,7.1,1818,2088,0,0,0,0,0,25.6,647529,0,255190,15386,54611,134,380.61,43.8,1580035.5,1900
"53","Dillon County",45033,"SC",31127,32062,-2.9,32062,7.1,25.7,15,52.7,48.4,46.6,2.8,0.3,0,1.9,2.5,46.8,88.7,2.5,3.1,70.6,8.2,2045,23,13573,63.7,7.1,64400,11744,2.66,14988,28817,31.5,478,8647,0.2,1531,1647,0,0,0,0,0,20.2,432577,300100,381709,12419,31568,19,404.87,79.2,2197566.2,4582
"54","Dorchester County",45035,"SC",148469,136589,8.7,136555,6.5,25.5,11.7,51.2,68.8,25.9,0.7,1.8,0.1,2.5,4.9,64.9,84.1,4.3,6.2,89.4,24.5,14715,28.1,57688,70.7,16.7,167400,50321,2.74,24495,53857,12.1,2113,24523,0.7,8650,9692,15.6,0.3,0,0,2,29.6,2361389,170198,879527,7092,104021,1055,573.23,238.2,13273128.6,31867
"55","Douglas County",32005,"NV",47536,46997,1.1,46997,4.1,18.2,24.5,49.8,92,0.9,2.3,1.7,0.2,2.9,12.2,81.3,86,6.3,9,92.7,25.7,5677,24.6,23776,71.8,12.5,271400,19455,2.4,34123,60100,10.2,1596,15974,3.9,4996,6722,0,0,2.6,0,3.2,27.4,751816,0,670386,14645,680439,156,709.72,66.2,4406587.2,4766
"56","Dubuque County",19061,"IA",96370,93653,2.9,93653,6.1,23.1,16.2,50.6,93.7,3,0.2,1.4,0.3,1.4,2.2,91.9,86.4,1.9,3.1,91.4,27.1,7057,17.3,40369,73,22,145900,37366,2.41,26254,51475,10.9,2772,53122,0.3,6130,8102,1.1,0,0.7,0,0,21.7,4711245,1847726,1433461,15538,145685,276,608.31,154,8808218,8773
"57","Edgefield County",45037,"SC",26553,26978,-1.6,26985,4.4,19.4,15.9,45.9,60.9,36.9,0.3,0.4,0.1,1.3,5.7,56.2,88.3,4.6,5.9,81.3,17.2,2160,25.5,10617,78.2,6.8,109500,9108,2.62,20753,43861,19.9,312,4455,-2.8,1346,1797,0,0,0,0,0,0,343876,0,120262,4732,7863,71,500.41,53.9,2158758.9,5782
"58","Elko County",32007,"NV",52766,48942,7.8,48818,7.2,28.1,9.2,47.9,88.6,1.5,6.1,1.1,0.3,2.5,24.2,67.1,86,9.3,16.2,83.2,16.4,4038,30.3,20511,70.1,15.9,184300,17599,2.8,28358,70238,8.8,1098,20724,-0.5,2327,2947,1.4,2,2.7,0,0,28,0,0,791435,16842,474078,350,17169.83,2.8,4390131.2,2437
"59","Emmet County",19063,"IA",9990,10302,-3,10302,5.6,21.6,19.2,49.3,93.8,1,1.5,0.6,0.1,3,10.4,86.9,85.5,5.1,8,88.4,15.3,770,16.4,4752,79.8,9.2,82200,4119,2.31,27908,48601,12.5,317,3639,-3.1,720,791,0,0,0,0,0,0,331366,103865,92665,8961,7910,48,395.88,26,883116,703
"60","Esmeralda County",32009,"NV",822,784,4.8,783,3.2,17,26,43.4,89.9,1.9,4.9,0.5,0,2.8,19.2,71.2,86.5,13.1,15.3,83.3,13.9,108,17.2,829,55.5,14.9,81400,479,2,20862,30284,22.3,14,0,0,59,75,0,0,0,0,0,0,0,0,0,0,0,0,3581.88,0.2,68472.6,95
"61","Eureka County",32011,"NV",2018,1987,1.6,1987,6.9,23,15,46.5,92,1.2,2.9,1,0.1,2.7,13.8,80.2,87.1,1.6,0.7,89.2,24.7,193,14.8,1043,65.8,6.1,117400,733,2.43,28056,64632,13.9,45,1765,11.4,117,78,0,0,0,0,0,0,0,0,16289,10605,2239,0,4175.68,0.5,180005.6,216
"62","Fairfield County",45039,"SC",22976,23956,-4.1,23956,4.9,20.5,18,52.2,39.2,58.8,0.3,0.3,0,1.5,1.9,37.8,89.7,1.8,3.4,81.4,15.5,2077,28.2,11646,73.6,8,91900,9408,2.46,20257,36120,22.7,290,4676,4,1330,1148,32.6,0,0,0,0,34.1,263153,0,216197,9280,8892,64,686.28,34.9,1870246.4,6259
"63","Fayette County",19065,"IA",20343,20880,-2.6,20880,5.8,21.2,20.4,49.9,96.6,1.2,0.2,0.8,0.1,1.1,2.2,94.6,87.1,0.9,2.6,88.9,18.4,1717,21.1,9522,77.6,10.3,85400,8328,2.4,23391,45542,11.5,553,6298,0.6,1412,1891,0,0,0,0,0,0,157746,304189,157244,7716,14582,24,730.81,28.6,1808492.7,1998
"64","Florence County",45041,"SC",139231,136888,1.7,136885,6.5,24.2,15,53.2,54.7,42.2,0.4,1.5,0,1.2,2.4,52.9,85.6,2.6,3.7,82.6,21.3,9328,22.5,59088,65.8,15.9,114900,51332,2.61,22432,41910,19.8,3051,55467,1.5,8618,10444,19,0,2.2,0,1.1,28,2885358,1358686,2237935,16919,250032,280,799.96,171.1,11500480.6,30116
"65","Floyd County",19067,"IA",16077,16303,-1.4,16303,5.7,23.1,20.7,50.9,95,2,0.3,1.7,0.1,0.9,2.3,93.1,88.1,1.4,5.1,90.5,15.9,1523,19.6,7516,72.9,10.8,90200,7007,2.26,24590,43826,12.6,414,4552,5.4,1202,1159,0,0,0,0,0,0,461397,121913,149138,9192,13656,21,500.63,32.6,1454968.5,1559
"66","Franklin County",19069,"IA",10436,10680,-2.3,10680,5.7,22.8,20.1,49.8,96.7,0.9,0.5,0.7,0.1,1.2,11.8,86.2,89.6,5,10.1,85.2,15.1,809,19.4,4860,73.7,10.8,87500,4358,2.4,26102,48355,11.1,334,3131,2.3,795,1385,0,0,0,0,0,19.4,260008,154569,65933,6207,4424,3,581.97,18.4,889147.2,1026
"67","Fremont County",19071,"IA",7022,7441,-5.6,7441,5.4,22,21.6,50.6,97.6,0.7,0.2,0.3,0,1.1,2.6,95.3,89.5,0.7,1.5,91.7,20.5,776,22.7,3445,77.5,5.7,94100,2965,2.4,26930,50520,10.2,187,2210,-1.2,517,588,0,0,0,0,0,0,0,105476,102932,13599,14804,10,511.15,14.6,643917.4,695
"68","Georgetown County",45043,"SC",60773,60158,1,60158,4.9,20,24.1,52.4,65.5,32.6,0.3,0.5,0.1,1.1,3.2,63,88.2,3,3.7,84.5,22.7,6091,25.2,34056,77.8,17.1,158800,23115,2.58,24437,40131,21.2,1762,17817,-0.4,5087,6934,9.9,0,0.4,0,0,29.7,1046220,0,702159,11634,136648,296,813.55,73.9,5135318.5,17772
"69","Grafton County",33009,"NH",89658,89114,0.6,89118,4.3,17.2,18,50.7,93.1,1.1,0.4,3.5,0,1.9,2.2,91.2,84.2,5.8,7.1,91.6,37.7,7786,21.8,51624,69,20.5,212000,35111,2.35,30738,54912,11.2,2867,47625,1.2,7890,11174,0,0,0,0,0.3,24,1314279,0,1961272,22919,272818,187,1708.75,52.2,8212672.8,37273
"70","Greene County",19073,"IA",9200,9337,-1.5,9336,5.3,22.9,21.4,51.1,97.4,0.6,0.4,0.4,0,1.2,2.9,94.8,86.4,1.2,1.9,88.8,17.4,821,18.8,4533,76,10.8,78200,3969,2.29,26205,45865,13,261,2697,-2.4,716,746,0,0,0,0,0,23.1,0,144862,87923,9258,3859,6,569.57,16.4,816960,945
"71","Greenville County",45045,"SC",482752,451219,7,451225,6.4,23.5,14.3,51.4,76.9,18.5,0.5,2.2,0.1,1.7,8.8,69.3,84.6,8,11.4,85.7,31.2,32427,21.5,200831,67,20.1,153600,175149,2.56,26643,49022,15.8,12255,212945,1.4,33938,42400,7.8,0.4,2.2,0,3.1,26.4,10821412,11581894,6036638,13999,817772,3094,785.12,574.7,41371846.4,123726
"72","Greenwood County",45047,"SC",69520,69661,-0.2,69661,6.3,23.1,17.1,53.2,65.1,32.1,0.5,1,0.1,1.2,5.8,60.4,83.5,3.9,6.3,80.4,22.1,4988,21.2,31125,66,17.7,104900,27004,2.49,21053,36540,23.1,1350,22463,0.2,3843,5272,13.3,0,1.3,0,1.6,25.7,2821076,271152,774268,11313,86061,162,454.73,153.2,5589408,15103
"73","Grundy County",19075,"IA",12375,12453,-0.6,12453,6,23.4,19.8,50.9,98.3,0.5,0.1,0.3,0.1,0.8,1.2,97.1,92,0.4,2.3,93.9,20.7,894,20.7,5549,81.9,9.2,123700,5073,2.42,31164,56827,7,308,3285,5,836,0,0,0,0,0,0,0,143848,269850,109363,9049,4346,19,501.86,24.8,1162012.5,1344
"74","Guthrie County",19077,"IA",10722,10954,-2.1,10954,5.3,22.2,21.7,50.2,98,0.3,0.3,0.4,0,1,2.3,95.8,90.9,1.1,2.1,91.4,17.1,898,27.3,5749,80.4,8.4,97100,4641,2.29,28030,50609,10.3,323,2650,0,1015,1129,0,0,0,0,0,0,0,0,91301,8262,8345,10,590.62,18.5,979990.8,1154
"75","Hamilton County",19079,"IA",15117,15673,-3.5,15673,5.6,23,19.4,50.7,95.4,0.8,0.4,2.1,0,1.3,5.4,90.6,85,2.2,6,89.7,18,1323,17.6,7184,71,15.7,91400,6395,2.39,24510,43589,12.3,383,4304,0.5,1059,1551,0,0,0,0,0,23.9,1162374,558307,149277,9607,12245,5,576.75,27.2,1355994.9,1554
"76","Hampton County",45049,"SC",20405,21090,-3.2,21090,5.7,22.5,15.8,48.4,43.9,53.9,0.4,0.6,0,1.2,3.9,41.2,89.4,1.9,4.3,75.8,11.4,1347,28.9,9031,75.9,5.5,79400,7470,2.6,19332,34233,25.2,340,3405,1.1,1139,1787,29.8,0,0,0,0,27.9,280315,91986,150702,7146,17608,9,559.9,37.7,1546699,3834
"77","Hancock County",19081,"IA",11027,11341,-2.8,11341,5.4,22.7,20.2,49.8,97.5,0.7,0.3,0.5,0,1,3.5,94.1,88.5,1.8,2.9,90.7,16.6,798,20.8,5308,80.1,9.6,85300,4648,2.37,25814,50105,10.4,309,3197,0.5,839,1275,0,0,0,0,0,0,266775,171681,119314,10549,4144,20,571.01,19.9,1000148.9,1241
"78","Hardin County",19083,"IA",17311,17534,-1.3,17534,5.2,21,21.2,50,96.3,1.5,0.3,0.6,0,1.3,4.1,92.6,88.8,2.5,4,91.7,19.7,1485,17.7,8175,74.4,14,89900,7061,2.35,25153,49342,8.6,565,5394,-1.7,1290,1812,0,0,0,0,0,21,743136,1191033,161778,9242,11447,7,569.31,30.8,1587418.7,1968
"79","Harrison County",19085,"IA",14324,14937,-4.1,14928,5.5,22.6,19.1,50.3,97.9,0.4,0.3,0.4,0,1,1.4,96.7,89.6,0.9,1.8,91.1,17.7,1099,25.8,6747,77.2,9.1,108200,5996,2.41,26184,54583,9.6,357,3060,-3.5,1037,1378,0,0,0,0,0,19.2,0,130170,100916,6546,10399,29,696.85,21.4,1304916.4,1518
"80","Henry County",19087,"IA",20217,20145,0.4,20145,5.9,22.3,17.6,48.8,92.4,2.6,0.3,2.9,0.1,1.6,4.7,88.2,87.1,3.3,4.4,91.3,20,1575,18.5,8274,74,14.9,103700,7493,2.53,22687,46376,17.9,514,7980,-38.8,1336,1547,0,0,0,0,0,23.4,889862,90587,214737,10665,22246,20,434.33,46.4,1845812.1,1912
"81","Hillsborough County",33011,"NH",405184,400721,1.1,400721,5.4,21.7,13.9,50.4,91.4,2.6,0.3,3.8,0.1,1.8,6,86.4,86.6,8.5,12.9,90.8,35,30692,26.7,167418,67.4,35.1,249900,154324,2.55,34390,69829,8.6,10764,173304,1.7,27576,37748,0.9,0,2.7,0.1,2,26.3,7707601,3873122,7647259,18989,732310,968,876.14,457.4,36790707.2,148676
"82","Horry County",45051,"SC",298832,269291,11,269291,5.2,19.3,20.5,51.5,82.4,13.7,0.6,1.2,0.2,1.9,6.1,77.2,83.1,6.7,8.3,87.7,22.7,27785,21.2,193090,69.5,36.7,159600,113490,2.42,24002,42431,18.6,8213,98267,3,21976,28117,4.7,0.5,1.9,0,1.5,23.6,894847,907553,4967238,19797,1483780,3473,1133.9,237.5,26207566.4,70518
"83","Howard County",19089,"IA",9449,9566,-1.2,9566,6.8,25.2,19.7,50.2,97.8,0.8,0.2,0.3,0.1,0.9,1.4,96.5,88.6,1.1,6,87.1,11.6,694,17.6,4365,79.8,7.9,91800,3884,2.39,24286,46429,11.6,256,2808,-4.7,829,1115,0,0,0,0,0,0,272970,143611,83186,8789,4842,1,473.25,20.2,823007.9,766
"84","Humboldt County",32013,"NV",17279,16525,4.6,16528,7.8,27.3,10.6,47.8,90,1.2,5,0.9,0.3,2.6,26.1,66.5,82.3,12.6,19.2,82.9,12.6,1334,31.1,7275,70.7,9.2,147400,6314,2.63,26515,59472,12.3,406,7123,-1.5,865,1115,0,0,0,0,0,23.6,0,71463,333593,18936,52022,20,9640.76,1.7,1432429.1,1843
"85","Humboldt County",19091,"IA",9640,9814,-1.8,9815,5.5,22.9,20.3,51,97.7,0.7,0.2,0.4,0,1,4,94.1,87.3,2,3.2,90.5,18.2,934,17.2,4684,76.7,11.7,84900,4222,2.28,26746,47897,10.2,324,3394,-0.1,724,1151,0,0,0,0,0,24.8,289818,183078,82011,8520,7477,24,434.35,22.6,872420,1843
"86","Ida County",19093,"IA",7042,7089,-0.7,7089,7.1,23.8,21.6,50.1,97.8,0.4,0.4,0.4,0,1,2,95.8,89.8,0.5,2.8,89.4,19.6,626,15.7,3430,73.3,14.2,76400,3182,2.19,25869,43449,14.4,248,2865,0.3,560,956,0,0,0,0,0,19.4,372971,147075,61131,8758,0,11,431.51,16.4,629554.8,724
"87","Iowa County",19095,"IA",16375,16355,0.1,16355,5.9,23.3,18,50.5,97.9,0.7,0.2,0.4,0,0.8,2.5,95.7,87.1,1.4,3.7,93.2,21,1044,22.5,7267,79.7,13.1,138000,6745,2.37,28068,58008,10.9,487,7775,1.5,1241,1264,0,0,0,0,0,24.1,1478930,80218,213413,13512,25049,23,586.46,27.9,1526150,1733
"88","Jackson County",19097,"IA",19482,19848,-1.8,19848,5.4,22.3,19.8,50.3,96.9,0.6,0.3,0.4,0.7,1.1,1.3,95.8,88.9,0.8,2.3,89.2,14.5,1788,23.2,9458,76.2,11.3,110000,8479,2.3,24493,46467,10.5,545,4892,0.1,1515,2345,0,0,0,0,0,21.3,247956,109127,209951,10547,14490,35,636.04,31.2,1737794.4,1828
"89","Jasper County",19099,"IA",36872,36842,0.1,36842,5.5,22.5,18,49,96,1.9,0.4,0.6,0,1,1.9,94.3,85.2,1.1,2.7,91.5,17.8,2818,22,16160,71.3,16.8,113100,14826,2.34,24905,50513,11.8,746,8706,4.7,2261,2847,0,0,0,0,0,20.9,170755,0,273960,7492,30110,33,730.42,50.4,3373788,9673
"90","Jasper County",45053,"SC",27170,24777,9.7,24777,6,21.4,15.4,48.4,53.1,44.1,0.7,0.8,0.1,1.2,13.9,41,82.2,9.1,12.8,78.8,12.5,1604,27.6,10890,71,9.8,90200,8563,2.86,17350,36413,23.7,560,5842,12.8,1451,1375,26.8,0,0,0,0,29.6,76412,145118,400765,18044,32368,229,655.32,37.8,2140996,9673
"91","Jefferson County",19101,"IA",17325,16843,2.9,16843,4.3,16.8,18.8,46.1,85.6,1.9,0.3,10.8,0.1,1.5,2.9,83.1,87.9,12,11.1,95,31.2,1561,14.7,7542,71.9,15.4,92400,6919,2.21,27593,48814,12.4,670,6855,0.2,1927,2308,0,0,0,0,0,0,246631,114630,333485,21471,16610,14,435.51,38.7,1645875,1747
"92","Johnson County",19103,"IA",142287,130882,8.7,130882,6.2,20.4,9.9,50.2,85.4,5.9,0.3,6,0,2.4,5.5,80.6,73.4,9.3,13.3,94.8,51.1,6630,18.2,58783,59.7,34.8,186000,54005,2.33,29592,53424,17.7,3186,59466,3.6,8843,9323,1.8,0,2.4,0,1.6,26.7,0,567646,1653057,13168,258762,1080,614.04,213.1,13488807.6,16422
"93","Jones County",19105,"IA",20454,20638,-0.9,20638,5.2,21.8,18.5,48.1,96.2,2.3,0.3,0.6,0,0.7,1.6,94.7,87.9,1,2.8,91.4,17.2,1948,24.3,8907,80.2,12.2,122100,8063,2.38,26762,55041,8.3,503,4877,0.5,1346,2193,0,0,0,0,0,29.9,180765,144654,257667,12629,9765,15,575.62,35.9,1869495.6,1933
"94","Keokuk County",19107,"IA",10231,10511,-2.7,10511,6.3,23.2,20.1,49.8,98.3,0.5,0.2,0.2,0,0.8,1.6,96.8,89.8,0.5,1.8,88.2,13.4,788,24,4886,80.6,8.3,75700,4354,2.36,22243,42167,13.2,250,1685,-10.1,705,1099,0,0,0,0,0,21.6,0,122304,66877,6236,0,0,579.18,18.1,902374.2,1100
"95","Kershaw County",45055,"SC",63161,61570,2.6,61697,5.9,23.6,16.4,51.5,72.1,25.2,0.4,0.7,0.1,1.6,4.2,68.7,86.1,2.9,4.6,84.9,19.3,5443,27.8,28012,76.1,5.9,116000,24084,2.55,22638,43765,16.7,1082,14796,-1.1,3895,4840,0,0,1.6,0,0,28,1419129,0,577695,9883,52193,262,726.56,84.9,5362368.9,15515
"96","Kossuth County",19109,"IA",15222,15543,-2.1,15543,5.5,21.9,22.5,49.8,97.7,0.6,0.3,0.5,0,0.8,2,96.1,90.5,1,2.4,92.2,18.3,1433,15.5,7481,80.5,10.7,91100,6728,2.25,29127,51812,8.7,571,5699,2.7,1401,1822,0,0,0,0,0,25.8,474756,318352,195827,12670,11502,19,972.72,16,1403468.4,1539
"97","Lancaster County",45057,"SC",83160,76652,8.5,76652,5.7,21.9,18.8,50.9,74.6,22.7,0.4,0.9,0.1,1.3,5,70.2,88.1,3.1,5.2,82.3,18.7,6294,27.5,34103,75,8,142200,28956,2.64,21003,42217,21,1230,16615,9.5,4893,5111,9.3,0,1.6,0,1.7,23.4,1247597,0,587872,7998,56293,1063,549.16,139.6,6844068,16922
"98","Lander County",32015,"NV",6009,5775,4.1,5775,8.1,26.8,13.2,49,90.4,0.9,5.6,0.9,0,2.1,23.9,69.5,81.2,11.2,19.6,81.1,12,530,28.1,2628,78.5,2.7,103300,2010,2.87,29800,72742,9.3,96,1499,-2,257,261,0,0,0,0,0,19.5,0,0,54981,10812,5362,7,5490.11,1.1,487329.9,482
"99","Laurens County",45059,"SC",66533,66539,0,66537,5.9,22.4,16.7,51.5,71.8,26,0.4,0.4,0.1,1.3,4.4,68.3,86.5,2.5,4.6,78.2,14.5,4965,24.6,30617,71.7,7,81800,25184,2.54,19153,37383,20.6,935,16339,-2.4,3148,3863,12.1,0,1.7,0,0,29.3,1562273,66953,370058,5315,53708,88,713.8,93.2,5202880.6,13389
"100","Lee County",45061,"SC",18343,19222,-4.6,19220,4.9,20.7,16.1,47.8,34.7,63.4,0.4,0.4,0,1,2.1,33.3,91.2,1.4,3.3,72.8,9.1,1131,28.9,7678,73.2,5.1,65000,6737,2.54,14740,27373,28,189,1769,-3.6,871,652,0,0,0,0,0,17,0,49595,154589,7684,10724,9,410.18,46.9,1335370.4,7075
"101","Lee County",19111,"IA",35286,35862,-1.6,35862,6.2,21.6,18.6,50.1,94,3.1,0.3,0.6,0,2,3.4,91,89.2,2,2.7,90,15.8,3552,17.9,16173,73.9,13.5,83100,14241,2.44,22649,42469,15.1,912,13010,-1.4,1914,2661,0,0,2.3,0,0,27.8,0,396254,420758,11745,36970,22,517.52,69.3,3175740,7075
"102","Lexington County",45063,"SC",277888,262396,5.9,262391,6.1,23.7,14.2,51.1,80.7,15.2,0.5,1.7,0.1,1.8,5.8,75.7,85.3,4.9,7,88.4,28.7,23090,25.2,118642,74.3,12,140100,103742,2.54,26886,54061,13.2,6168,92583,4.7,18292,22886,5.5,0.4,1.9,0,1.5,24.1,3465738,3588391,3666090,15027,434490,1412,698.91,375.4,24565299.2,68935
"103","Lincoln County",32017,"NV",5184,5345,-3,5345,4,22.7,19.8,46,91.9,3.5,1.4,0.8,0.3,2.2,7.7,85,88.7,3,2.9,82.7,16.3,591,28.6,2730,62.9,9.3,140600,1969,2.51,22879,40143,17.3,87,611,-8,280,409,0,0,0,0,0,32.3,0,0,31053,6970,0,12,10633.2,0.5,428716.8,348
"104","Linn County",19113,"IA",217751,211226,3.1,211226,6.3,23.8,14.3,50.6,90.6,4.5,0.3,2.2,0.1,2.4,2.9,88.1,84.1,2.9,4.7,93.8,31.2,16870,18.5,94663,73,24.3,144300,86052,2.42,29943,57260,9.7,5415,115744,0.9,12912,16967,0.7,0,0,0,0.6,27.1,8229178,2506126,3592845,17502,353610,838,716.88,294.6,20425043.8,23718
"105","Louisa County",19115,"IA",11161,11387,-2,11387,5.3,23.2,16.6,49.3,95.1,1,0.5,2.1,0.2,1.2,16.2,79.8,90.3,8.1,15,83.3,13.5,815,23,5006,78.6,7.3,95400,4381,2.56,24272,50583,12.2,217,2887,1.3,621,941,0,0,0,0,0,0,0,0,56465,4798,4530,9,401.77,28.3,929711.3,1124
"106","Lucas County",19117,"IA",8701,8898,-2.2,8898,5.6,23.3,21,49.6,98.5,0.3,0.2,0.3,0,0.7,1.3,97.3,86,5.8,10.2,89.9,11.3,656,24.1,4204,77.5,9.1,82700,3734,2.32,21126,43288,17,179,2772,0.5,622,788,0,0,0,0,0,0,0,1472,84344,8919,0,3,430.59,20.7,782219.9,888
"107","Lyon County",32019,"NV",51789,51980,-0.4,51980,5.3,22.4,19.7,49.4,90.1,1.3,3.2,1.7,0.3,3.4,15.8,76.3,81.3,7.2,12.9,84.3,16.7,6101,30.8,22399,70.3,8.1,133400,19278,2.65,21757,46137,15,771,10812,23.5,2522,3857,1.6,0,0,0,7.6,29.1,573568,0,371385,7100,35040,140,2001.19,26,4365812.7,4365
"108","Lyon County",19119,"IA",11683,11581,0.9,11581,7.3,28.1,16.9,49.8,98.3,0.3,0.3,0.3,0.1,0.7,2.7,95.9,92.5,1.1,2,89.1,17.6,689,18.1,4965,82.3,5.5,105700,4425,2.6,23683,52152,8,389,3344,-2.2,983,1328,0,0,0,0,0,13.2,100917,215272,91091,8113,0,55,587.65,19.7,1040955.3,4365
"109","Madison County",19121,"IA",15609,15679,-0.4,15679,5.8,26,16.3,50.2,97.6,0.5,0.4,0.5,0,1,1.5,96.4,89.3,1.4,1.8,94.2,21.5,1365,26.5,6684,76.8,10.8,160700,6092,2.52,27685,57581,8.9,354,2450,-6.8,1271,1304,0,0,0,0,0,30.5,0,0,80594,5253,7596,55,561.01,27.9,1470367.8,1946
"110","Mahaska County",19123,"IA",22370,22381,0,22381,6.1,23.7,16.9,49.6,95.9,1.3,0.4,1.2,0,1.1,1.9,94.3,84.7,1.5,2.4,90.5,21.5,1481,17.9,9726,70.5,14.1,100900,9073,2.4,23788,47967,15.9,576,6881,0.3,1442,1977,0,0,0,0,0,25.4,1618526,0,242911,10995,16819,64,570.86,39.2,2024485,2658
"111","Marion County",45067,"SC",31933,33062,-3.4,33062,6.1,23.4,17.1,53.8,40.9,56.5,0.7,0.7,0,1.1,2.7,39.2,93,2.1,3.2,81.8,13.6,2124,26,14794,67.1,9,77800,12049,2.69,16531,29149,27.4,506,6965,-5.4,1604,2155,18.4,0,1.9,0,0,22.8,367664,104394,269937,7925,31211,15,489.23,67.6,2612119.4,10920
"112","Marion County",19125,"IA",33365,33309,0.2,33309,6.1,24.1,16.4,50.1,96.3,1,0.2,1.4,0,1,1.9,94.7,83.6,2.3,2.9,92.4,25,2484,20.3,13984,75.8,13.9,132000,12691,2.48,25477,54723,9.2,810,15685,1.1,2134,3254,0,0,0,0,0,20,1856906,0,333092,10201,28951,125,554.53,60.1,3082926,10920
"113","Marlboro County",45069,"SC",27924,28933,-3.5,28933,5.4,20.7,15.2,46.8,42.1,51,4.7,0.4,0.1,1.8,3.2,39.9,87.2,1.9,3,69.9,8.7,1873,23.1,11950,66.1,9.3,58200,9779,2.58,14577,28297,30.7,328,4791,1.6,934,877,0,0,0,0,0,15.8,989848,0,158984,5499,13417,9,479.67,60.3,1951887.6,4133
"114","Marshall County",19127,"IA",40866,40648,0.5,40648,7,24.9,17.5,49.5,92.4,2,0.8,2.8,0.2,1.8,19.9,73.9,86,12.1,18.4,85.2,19.3,3538,17.3,16718,73.4,17.1,105400,15350,2.58,24117,51555,12.1,792,14459,-0.1,1875,2532,0,0,0,0,0,28.8,1848040,298112,407694,10434,40400,10,572.5,71,3481783.2,4123
"115","McCormick County",45065,"SC",9846,10233,-3.8,10233,3.2,12.8,29.8,44.9,49.6,48.6,0.2,0.5,0.1,1.1,1.2,48.7,89.2,1.5,2.9,78.8,18.2,1155,29.4,5468,79.3,4.7,112500,4069,2.15,22150,40028,17.2,88,960,-4.1,511,866,28.7,0,0,0,0,0,0,0,34750,3449,1954,24,359.13,28.5,775864.8,2951
"116","Merrimack County",33013,"NH",147171,146442,0.5,146445,4.8,19.9,16.1,50.7,95,1.4,0.3,1.9,0,1.4,1.9,93.4,86.7,3.9,5.2,92.1,33.3,12976,25.7,63643,72.2,24.4,231000,56812,2.47,31310,65353,8.7,4031,60018,-0.9,10928,15444,0,0,1.2,0,0.9,24.6,1539636,2812352,2605617,17536,223534,312,934.12,156.8,13554449.1,62712
"117","Mills County",19129,"IA",14831,15059,-1.5,15059,5.7,24.2,15.8,49.9,96.9,0.6,0.5,0.7,0.1,1.3,2.6,94.5,90,0.8,2.4,92.1,24,1347,25.2,6088,83.7,9,149400,5375,2.67,27101,63076,7,294,2089,-3.4,926,1101,0,0,0,0,0,32.7,0,23046,78569,5187,5388,3,437.44,34.4,1365935.1,1620
"118","Mineral County",32021,"NV",4500,4772,-5.7,4772,6.1,19.1,25.1,51.3,71.6,4.6,16.9,2.5,0.2,4.2,10.8,65.1,81.9,4.7,8,88.1,11,813,12.6,2794,71.7,13.3,95500,2147,2.13,23146,35017,20.5,59,1080,-3.6,174,342,0,0,0,0,0,32.5,0,0,0,0,20183,1,3752.84,1.3,396450,264
"119","Mitchell County",19131,"IA",10779,10772,0.1,10776,5.6,23.9,21.5,50.5,98.3,0.6,0.1,0.3,0,0.7,1.2,97.2,91.9,1.4,5.5,91,15.7,895,16.6,4916,81.4,6.5,108100,4389,2.39,24518,51078,7.1,326,3097,-3.1,864,1225,0,0,0,0,0,0,252014,228655,93053,8627,5070,25,469.13,23,980889,871
"120","Monona County",19133,"IA",8996,9243,-2.7,9243,5.1,21.4,24.6,50.6,97,0.5,1.1,0.3,0.1,1,2,95.2,88.4,0.9,2.6,89.7,14.3,965,21.3,4715,70.7,11.3,77800,3981,2.26,24557,42025,9,233,2086,5.2,646,829,0,0,0,0,0,16.4,0,77612,99152,10868,7234,7,694.07,13.3,806941.2,811
"121","Monroe County",19135,"IA",8001,7970,0.4,7970,5.5,23.6,19,49.8,97.3,0.6,0.1,0.8,0,1.2,2.4,95.2,84.8,4.3,5.1,86.7,19.3,645,25.1,3892,75.5,7.9,95200,3361,2.34,24508,45997,11.8,173,1895,1.8,553,521,0,0,0,0,0,21.1,0,46184,62488,8256,0,82,433.72,18.4,693686.7,839
"122","Montgomery County",19137,"IA",10421,10740,-3,10740,5.7,22.6,20.8,51.1,97.7,0.4,0.5,0.4,0,1,3.5,94.5,88.3,1.3,3.2,87.4,15.1,897,18.7,5200,71.8,13.1,79600,4553,2.28,22868,44281,16.1,308,3056,1.7,731,952,0,0,0,0,0,14.3,180839,150731,88288,8071,7599,13,424.1,25.3,910795.4,871
"123","Muscatine County",19139,"IA",42903,42747,0.4,42745,6.7,25.4,15,50.2,94.6,2.2,0.6,1.1,0,1.4,17.2,78.5,88.1,6,14.4,84.6,16.2,2866,18,17996,74.9,15.4,124400,16410,2.58,25038,51425,14.4,940,19720,1,2085,3523,0.8,0,0,0,3.3,32.1,0,377484,448581,10566,44245,51,437.47,97.7,3629593.8,4214
"124","Newberry County",45071,"SC",37783,37508,0.7,37508,5.8,22,18,51.4,65.5,31.3,0.8,0.7,0.3,1.3,7.5,60,86.1,5.4,7.7,76.9,18.9,2679,24.4,17977,71.5,7.6,107400,14254,2.55,21591,41718,17.2,710,10824,-2.4,1805,2650,0,0,0,0,0,23.6,1277465,0,369861,9707,30350,59,630.04,59.5,2905512.7,8470
"125","Nye County",32023,"NV",42282,43945,-3.8,43946,4.3,18,27.9,49.5,90.1,2.7,2,1.8,0.5,3,14.4,77.5,82.3,8,11.3,83.3,12.3,7469,26.5,21783,70.9,6.7,112600,18046,2.38,21838,39876,18.9,643,6647,-7,2187,3179,0,0,3.8,0,0,29.3,0,0,396798,9004,88105,0,18181.92,2.4,3522090.6,1874
"126","Oconee County",45073,"SC",75192,74275,1.2,74273,5.4,20.4,21.6,50.5,89.5,7.8,0.3,0.8,0,1.6,4.8,85.2,84,3.2,4.7,83.1,21.7,7307,24.3,39128,75.2,9,136300,30106,2.45,23904,41394,19.1,1448,19716,-1.6,4474,6027,2.6,0,0,0,1.2,27.6,1546420,0,743455,10518,62807,243,626.33,118.6,6248455.2,18844
"127","Orangeburg County",45075,"SC",90090,92495,-2.6,92501,6.3,22.6,17.1,53.1,34.9,62.2,0.6,1,0,1.3,2.1,33.6,90.1,2,3.3,79.3,18.6,6482,24.3,42184,68.2,9.3,84700,34180,2.59,17687,34110,23.7,1650,25573,1.2,4912,6302,35.2,0,1.3,0,0.5,34.1,2597882,405655,1007038,11113,152207,41,1106.1,83.6,7144137,19959
"128","Osceola County",19143,"IA",6218,6462,-3.8,6462,6,23.2,20.2,49.4,97.5,0.4,0.4,0.6,0.1,1,6.8,91.3,87,4.5,6.4,86.3,15.6,493,18.9,2968,74.9,5,75600,2676,2.33,24653,48659,8.6,183,1526,3.2,468,566,0,0,0,0,0,0,0,0,40538,6291,0,1,398.68,16.2,536613.4,426
"129","Page County",19145,"IA",15496,15943,-2.8,15932,5.6,20.6,20.8,47.8,94.2,2.4,0.7,1.2,0.1,1.4,2.9,91.7,81.4,2,3.4,89.3,17.4,1590,16.4,7186,73.2,11.4,77700,6415,2.27,23496,43010,13.9,416,5313,0.3,919,1305,0,0,0,0,0,20.2,348217,116438,163001,10243,12573,11,534.94,29.8,1383792.8,1271
"130","Palo Alto County",19147,"IA",9099,9421,-3.4,9421,5.9,22,21.4,50.3,97,0.9,0.4,0.5,0.1,1.1,2.1,95.2,88.8,1.3,2.1,90,16.5,782,16.9,4617,77.2,12,83400,3948,2.28,25055,44663,9.2,278,2802,0.5,733,937,0,0,0,0,0,0,401373,132484,65829,6988,34628,2,563.84,16.7,818910,831
"131","Pershing County",32027,"NV",6698,6753,-0.8,6753,4.6,18.5,13.8,36.7,87.4,4.2,4.4,1.2,0.3,2.5,23.3,66.5,77.6,11.1,19.9,78.9,10.5,725,22.6,2416,66.3,10.8,138100,2091,2.34,18203,52101,18,74,1081,7.6,206,223,0,0,0,0,0,0,0,0,43044,6751,9241,2,6036.56,1.1,528472.2,355
"132","Pickens County",45077,"SC",120368,119226,1,119224,4.9,19.7,15.2,50.2,89.4,6.9,0.3,1.9,0,1.5,3.4,86.4,80.4,4,5.1,82.2,23,8483,23.2,52121,69.3,16.6,123900,43971,2.54,21182,41788,18.9,2003,26257,4.4,7094,8715,4.9,0.8,1.8,0,0.8,27.3,1459950,253217,1153530,9935,142900,434,496.41,240.2,9894249.6,28172
"133","Plymouth County",19149,"IA",24874,24981,-0.4,24986,5.9,25.1,17.6,50.3,97.2,0.5,0.5,0.6,0.1,1,4.1,93.6,89.2,1.8,4.9,92.5,20.9,2025,17.1,10668,79.3,9.4,129800,9867,2.49,27942,58888,6.4,703,9761,0.4,1700,2137,0,0,0,0,0,0,0,243010,299650,12330,21970,37,862.89,29,2300845,2585
"134","Pocahontas County",19151,"IA",7138,7310,-2.4,7310,5.7,22.6,22.3,50.2,96.9,0.9,0.5,0.2,0.2,1.2,3.4,94,88.8,1.8,2.5,92.6,17.8,668,17.7,3771,79.4,7.1,60600,3227,2.19,25556,44073,14.2,222,2021,-1.8,539,764,0,0,0,0,0,0,0,86944,79888,10492,0,4,577.24,12.7,660978.8,783
"135","Polk County",19153,"IA",459862,430635,6.8,430640,7.2,25.2,11.7,50.8,86.5,6.7,0.4,4.2,0.1,2.2,8,79.2,82.2,8.5,12.5,91.8,34.9,26762,19,192980,69.2,23.7,154400,173164,2.48,30442,59018,11.8,11914,243983,2,30761,37950,1.9,0.3,2.1,0.1,1.8,28,7519907,6697167,6714418,16130,825244,3350,573.8,750.5,42215331.6,53865
"136","Pottawattamie County",19155,"IA",93128,93149,0,93158,6.5,23.7,15.7,50.9,95.2,1.6,0.7,0.8,0.1,1.7,7.2,88.7,85.1,3.3,6.2,89.3,19.1,7373,20.8,39589,70.2,18.7,126300,36460,2.49,25847,51304,13.8,1986,30845,-3.1,4975,7088,0,0,0,0,1.2,24.1,0,2256650,1503395,16784,451451,122,950.28,98,8316330.4,7468
"137","Poweshiek County",19157,"IA",18668,18914,-1.3,18914,5.2,20.4,19.2,51.1,94.8,1.4,0.3,1.8,0.1,1.5,3,92.2,83.2,3.1,4.6,92.6,24.1,1296,17,8953,72.9,15,117600,7488,2.28,25318,50349,12.8,549,9458,2.9,1275,1781,0,0,0,0,0,21.4,462194,118099,241342,12932,17021,123,584.93,32.3,1728656.8,1882
"138","Richland County",45079,"SC",401566,384507,4.4,384504,5.9,22,11.3,51.5,47.8,46.9,0.4,2.7,0.2,2.1,5.1,44.1,77.9,5.2,7.7,89.7,36.1,33288,21,166973,60.7,27.8,149800,143874,2.5,25763,48359,17.2,8660,155345,1.1,25311,27370,23.1,0.6,2.7,0,1.2,27.5,6109796,3150652,4367658,12127,733609,2275,757.07,507.9,36020470.2,90820
"139","Ringgold County",19159,"IA",5051,5131,-1.6,5131,5.8,23.3,25.3,50.8,98.1,0.4,0.3,0.4,0.1,0.8,2,96.4,91,0.7,10,88.5,17.6,401,18,2605,76.5,5.7,78500,2074,2.39,23324,44551,13.1,144,1022,3.9,470,553,0,0,0,0,0,12.1,0,26024,63578,12562,0,2,535.5,9.6,447013.5,530
"140","Rockingham County",33015,"NH",300621,295220,1.8,295223,4.6,20.6,15.2,50.5,95.5,0.9,0.2,1.9,0,1.4,2.6,93.3,89.6,4.5,6.5,94.5,37.2,23377,29.1,128444,76.8,21.7,282100,116262,2.53,38399,77348,5.5,9422,128330,0.8,25514,34778,0.5,0,1.5,0,0.9,27.8,3912579,5844817,6414862,21603,660746,875,694.72,425,28408684.5,126846
"141","Sac County",19161,"IA",10035,10350,-3,10350,5.4,22,22.3,50.9,98.2,0.3,0.2,0.4,0.1,0.9,2.8,95.7,89.3,1.2,2.8,91.4,19.1,943,17.7,5407,81.4,8.2,79700,4435,2.25,26350,48093,8.7,353,2624,-0.1,845,1187,0,0,0,0,0,21.5,0,164976,92468,8983,0,5,575.01,18,917199,969
"142","Saluda County",45081,"SC",20026,19872,0.8,19875,6.3,22,18.3,49.6,69.7,26.2,1.5,0.3,1,1.3,14.9,58,90.4,9.4,13.4,76.8,12.4,1446,29,9266,72.8,2.8,90400,7020,2.79,19725,38514,21.5,250,3396,-16.6,899,1186,13.2,0,0,0,0,21.6,0,0,73369,3870,4310,26,452.78,43.9,1537996.8,4646
"143","Scott County",19163,"IA",171387,165224,3.7,165224,6.6,24.1,14.4,51,86.7,7.5,0.4,2.5,0.1,2.8,6.3,81.3,86.3,3.4,5.6,92.3,31.6,12299,18,73040,69,24.8,143600,67049,2.44,28948,52735,13.1,4408,82196,2.6,10040,14132,0,0.3,0,0,1.3,27,5745095,0,2852978,17574,423931,365,458.09,360.7,15819020.1,17944
"144","Shelby County",19165,"IA",11948,12167,-1.8,12167,5.6,22.7,22.4,50.8,97.7,0.5,0.4,0.4,0.1,0.8,2.3,95.6,90.1,2,2.8,90.9,18.2,1041,18.5,5561,77.7,11,104700,5083,2.33,26387,48783,10.8,398,5209,-1.4,972,1388,0,0,0,0,0,19.5,0,158609,135125,10996,8692,16,590.78,20.6,1086073.2,1145
"145","Sioux County",19167,"IA",34681,33704,2.9,33704,7.4,26.9,14.5,49.8,96.6,1,0.5,1.1,0,0.7,9.8,87.9,85.9,6.3,9.5,88.6,23.4,1830,12.8,12582,80,10.2,131200,11623,2.72,24324,57227,8.2,1233,17949,-0.3,2577,3659,0,0,0,0,0,18.3,1152404,753139,394422,12319,31746,112,768.33,43.9,3072736.6,4993
"146","Spartanburg County",45083,"SC",293542,284305,3.2,284307,6.3,23.7,15.1,51.5,74.5,21,0.4,2.3,0.1,1.7,6.4,69,84.7,6.4,9.4,82.2,21.3,20802,21.9,124505,69.6,14,121300,107350,2.6,21889,42919,17.9,6141,118348,2.8,17533,21534,7.1,0.6,2,0,2.3,25.6,11731761,5481960,3638406,13148,411477,1090,807.93,351.9,24129152.4,61764
"147","Storey County",32029,"NV",3912,4010,-2.4,4010,2.2,12.5,27.8,48,91.8,1.6,2,2.1,0.4,1.9,7.8,84.6,89.7,3.9,5.5,93.9,21.5,630,26.6,1985,93.8,2.6,167700,1843,2.14,33472,61573,11,81,571,0,259,0,0,0,0,0,0,0,0,0,6765,1580,4780,6,262.92,15.3,367336.8,437
"148","Story County",19169,"IA",94073,89542,5.1,89542,4.9,17.1,10.7,48.1,88.2,2.8,0.3,7,0,1.7,3.1,85.5,67.8,8.3,9.3,95.5,47.7,4787,17.8,38103,55,37.2,162200,35196,2.34,25986,50516,20.9,2006,30774,3.6,5377,7365,0,0,2.1,0,0,23.6,1970829,432009,968345,11361,151011,539,572.82,156.3,8983971.5,12124
"149","Strafford County",33017,"NH",125604,123146,2,123143,5,19.5,13.8,51.3,93.4,1.2,0.3,3.2,0.1,1.9,2.2,91.7,80.5,4.6,7.3,91.6,31.8,10446,25.9,52403,65.6,30.5,220600,46968,2.47,29369,58825,10.5,2536,35159,-1.6,7643,10289,0.7,0,0,0,0.8,26.8,1185999,351111,1672899,13701,146812,416,368.98,333.7,11505326.4,46053
"150","Sullivan County",33019,"NH",43103,43742,-1.5,43742,4.7,19.7,18.9,50.6,96.7,0.7,0.4,0.7,0,1.5,1.5,95.5,86.5,2.6,3.4,90.1,25.6,4465,25,22344,74.1,19.4,171700,17808,2.4,28582,54463,9.9,937,11609,5.4,3272,4103,0,0,0,0,0,24.8,640776,0,562392,13154,32307,53,537.31,81.4,3883580.3,16488
"151","Sumter County",45085,"SC",107919,107463,0.4,107456,7.1,24.6,14.5,51.8,49.2,47.1,0.5,1.3,0.1,1.8,3.8,46.4,87.4,3.5,4.8,82.3,19.2,11981,21.9,47029,65.4,13.7,107300,39373,2.66,20340,41366,17.9,1777,29965,2.4,6023,7092,23.5,0.4,3.2,0,1.9,30.4,1921957,0,1021525,9801,109382,289,665.07,161.6,8881733.7,22430
"152","Tama County",19171,"IA",17451,17767,-1.8,17767,6,24.1,19.2,50.9,88.3,0.6,8,0.4,0.1,2.6,8.4,82.7,91.2,2.8,10.5,89.9,16.1,1496,21.6,7753,74.7,8.5,101300,6794,2.53,25311,51670,11.5,341,3564,-0.1,1130,0,0,0,0,0,0,0,0,154880,112481,6366,0,17,721.01,24.6,1568844.9,1882
"153","Taylor County",19173,"IA",6143,6317,-2.8,6317,6.3,23.1,21.1,49.3,98.2,0.4,0.3,0.3,0.1,0.8,7.5,91,89.9,3.4,8.1,90,13.8,511,21,3091,76.2,7.1,66400,2764,2.22,23793,43804,14.5,134,1594,1.9,556,722,0,0,0,0,0,0,0,40979,25098,3906,0,4,531.9,11.9,552870,578
"154","Union County",45087,"SC",27876,28963,-3.8,28961,5.4,21.8,18.5,52.5,66.2,31.7,0.3,0.3,0.1,1.5,1.2,65.4,88.8,0.7,1.7,78.1,12.9,2062,26.4,14015,73.1,7.8,74000,11854,2.37,19037,32556,20.1,449,5968,-1.9,1104,1681,17.7,0,0,0,0,31.1,488385,0,192164,6936,18534,14,514.17,56.3,2177115.6,6834
"155","Union County",19175,"IA",12516,12534,-0.1,12534,6.1,23.1,18.9,51.3,97.1,1,0.3,0.6,0,1,2.8,94.6,88.7,1,2,91.5,16.5,1014,15,5907,73.2,12,91600,5339,2.29,23007,44838,16.1,334,5025,-6.8,800,0,0,0,0,0,0,0,214327,384667,153754,12759,11160,7,423.65,29.6,1145214,6834
"156","Van Buren County",19177,"IA",7468,7570,-1.3,7570,6.7,23.3,20.8,49.2,98.1,0.3,0.2,0.5,0,0.9,1.3,96.9,89.4,0.8,5.2,87.2,14.4,668,23.4,3623,85.8,6.1,69700,3023,2.45,21368,43181,16.5,155,1859,-5.8,660,0,0,0,0,0,0,0,0,0,36920,4810,0,0,484.79,15.6,651209.6,730
"157","Wapello County",19179,"IA",35212,35625,-1.2,35625,6,22.4,17,50.6,94.4,2.2,0.8,0.9,0.2,1.3,10,85.4,84.9,6.8,10.5,84.6,16.2,2638,17.4,16019,72.8,14.4,78800,14534,2.38,22699,41425,19.1,758,14912,4.9,1763,2850,0,0,0,0,0,19.1,1840383,0,500711,14167,41514,22,431.83,82.5,2978935.2,3160
"158","Warren County",19181,"IA",47956,46228,3.7,46225,6,25.2,14.9,50.8,97.2,0.7,0.3,0.6,0.1,1.1,2.5,94.9,85.2,1.2,2.2,95.3,26.7,3826,24.8,19162,78.7,13.6,154100,17378,2.58,29088,62535,7.3,773,7742,-1.4,3431,4047,0,0,0,0,0,26,0,628117,328428,7415,25116,360,569.83,81.1,4570206.8,6006
"159","Washington County",19183,"IA",22070,21704,1.7,21704,6.6,24.8,18.5,50.8,96.9,0.9,0.3,0.5,0.1,1.2,5.6,91.7,88.1,2.7,8.7,89.5,20.8,1573,21.1,9540,75.7,14.2,121800,8948,2.4,26459,54554,9.8,705,6828,0.3,1780,2559,0,0,0,0,0,15.9,0,185719,195045,9221,114716,24,568.84,38.2,1975265,2443
"160","Washoe County",32031,"NV",440078,421427,4.4,421407,6,22.4,14.6,49.7,85.3,2.6,2.1,5.8,0.7,3.3,23.5,64.2,78.3,14.9,22.9,86.9,27.3,36058,21.5,187142,58,28.5,203300,163198,2.57,28670,53040,15.1,11477,167121,2.2,29629,40200,1,0.6,4.6,0,5.2,27.1,0,6317686,6667427,16409,2399394,2210,6302.37,66.9,38242778.2,17308
"161","Wayne County",19185,"IA",6395,6403,-0.1,6403,7,24.2,22.3,51.6,97.6,0.7,0.3,0.4,0,1,1.7,96.2,87.6,0.8,2.4,88.4,14.1,569,25.2,3181,82.7,6.9,62300,2589,2.42,22127,40024,12.4,146,1381,-0.1,523,483,0,0,0,0,0,0,0,27010,49159,7824,0,0,525.44,12.2,565318,619
"162","Webster County",19187,"IA",36955,38013,-2.8,38013,5.8,21.4,17.2,48.2,92.7,4.2,0.4,0.9,0,1.8,4.3,88.8,84,2.2,3.3,88.8,19.2,3109,15.4,17035,68.5,18.5,84300,15458,2.28,24203,41624,15.8,1032,15629,2.1,2082,2884,0,0,0,0,0,0,1909417,0,577547,15022,61910,20,715.62,53.1,3281604,3190
"163","White Pine County",32033,"NV",10034,10030,0,10030,6.3,21.5,15.1,42.7,86.8,4.8,4.7,1.1,0.2,2.5,14.9,73.5,83,2.4,5.9,86,13.8,1168,21.4,4436,70.9,6.8,113800,3357,2.74,24435,48586,12.9,185,2639,-7.5,500,893,0,0,0,0,0,0,0,0,88805,9748,22035,3,8875.65,1.1,862924,523
"164","Williamsburg County",45089,"SC",32695,34419,-5,34423,5.3,21.7,17.9,51.5,33.1,65.1,0.4,0.4,0,0.9,2.3,31.5,92.5,1.4,2.6,77.6,12.2,2053,28.6,15176,74.3,6.3,67100,11621,2.76,14845,25849,30.8,490,6578,0.9,1714,1921,36.5,0,0,0,0,30.7,1398099,102507,224573,6367,12820,17,934.16,36.8,2537132,7905
"165","Winnebago County",19189,"IA",10559,10866,-2.8,10866,5.2,21.4,20.4,51.4,96,1.4,0.3,1,0,1.3,3.9,92.5,88,3.2,6,91.9,18.6,835,16.3,5183,76.1,15.3,91900,4591,2.23,24547,45603,11.4,329,6152,8.3,794,1102,0,0,0,0,0,14.3,1094325,169959,114958,10672,6386,6,400.49,27.1,970372.1,1017
"166","Winneshiek County",19191,"IA",20768,21058,-1.4,21056,4.3,18.9,18.1,50.5,97,0.8,0.1,1.2,0,0.8,2.1,95.2,87,2.1,3.6,93.8,26.5,1485,16.2,8813,77.3,12.8,151500,8042,2.32,25062,53122,8.4,619,9585,-2.1,1859,2878,0,0,0,0,0,25.6,288679,167268,289636,13909,21459,47,689.87,30.5,1948038.4,2142
"167","Woodbury County",19193,"IA",102271,102177,0.1,102172,7.3,26,13.8,50.5,88.9,2.8,2.6,2.7,0.2,2.8,15.2,75.7,82.8,8.3,14.7,85.4,20.3,7107,17.7,41510,67.7,19.1,97900,38654,2.57,23269,45856,15.7,2692,45624,1.2,5654,7392,0.9,0,0.9,0,2,25.8,2827480,1739995,1511955,14913,158358,151,872.83,117.1,8733943.4,8655
"168","Worth County",19195,"IA",7624,7598,0.3,7598,5.1,21.7,19.8,50.2,97.3,0.9,0.3,0.5,0,1,2.7,95,91.6,1.1,2.7,92.5,16.3,706,20.1,3523,81.1,7.1,96900,3197,2.33,26187,50476,11.5,172,1790,-3.7,530,432,0,0,0,0,0,28.2,248922,0,28655,3759,4736,4,400.12,19,705220,774
"169","Wright County",19197,"IA",12840,13229,-2.9,13229,5.7,23.1,21.3,49.6,97.2,0.8,0.4,0.4,0.1,1.1,10.2,87.7,91.3,4.5,9,88.8,16,938,15.6,6494,77.4,14.4,71700,5367,2.4,25827,45205,11,390,3908,-8.2,868,1529,0,0,0,0,0,20.1,863324,291061,100154,7681,7591,12,580.42,22.8,1140192,1061
"170","York County",45091,"SC",245346,226071,8.5,226073,6.3,24.7,13.1,51.7,75.9,19.5,0.9,1.8,0.1,1.9,5,71.6,85.3,4.6,6.5,87.5,28.5,16892,25.1,98856,71.6,16.5,159300,86483,2.62,26553,53740,13.4,4548,68940,1.9,14944,16798,8.7,0,1.3,0,1.4,29.2,3621151,2150074,2172656,10315,285831,2982,680.6,332.2,21467775,51863
